project_id,system_id,room_or_zone,system_type,control_class,airflow_band,specific_airflow_m3_h_m2,unit,air_flow_control,fan_control,demand_sensor,control_scope,minimum_airflow_percent,time_schedule,review_status,reviewer,review_date,source_document,source_reference,notes
16866_Crete_School_Complex_2010_V3,SYST0002,RM00000F,,,>6,16.488,m3/(h.m2),,,,room,,ON,pending,,,IESVE model readback; reviewer confirmation required,VERoomData.get_air_exchanges/get_apache_systems; VEApacheSystem ventilation_ncm/system_controls_ncm,"VE SYS_TYPE=missing, AIR_FLOW_CTRL=missing, DCV=missing, FAN_CTRL=missing, scheduled auxiliary airflow=no"
16866_Crete_School_Complex_2010_V3,SYST0002,RM000012,,,>6,16.488,m3/(h.m2),,,,room,,ON,pending,,,IESVE model readback; reviewer confirmation required,VERoomData.get_air_exchanges/get_apache_systems; VEApacheSystem ventilation_ncm/system_controls_ncm,"VE SYS_TYPE=missing, AIR_FLOW_CTRL=missing, DCV=missing, FAN_CTRL=missing, scheduled auxiliary airflow=no"
16866_Crete_School_Complex_2010_V3,SYST0002,K_000010,,,>6,20.088,m3/(h.m2),,,,room,,ON,pending,,,IESVE model readback; reviewer confirmation required,VERoomData.get_air_exchanges/get_apache_systems; VEApacheSystem ventilation_ncm/system_controls_ncm,"VE SYS_TYPE=missing, AIR_FLOW_CTRL=missing, DCV=missing, FAN_CTRL=missing, scheduled auxiliary airflow=no"
16866_Crete_School_Complex_2010_V3,SYST0002,RM0000B1,,,>6,8.496,m3/(h.m2),,,,room,,ON,pending,,,IESVE model readback; reviewer confirmation required,VERoomData.get_air_exchanges/get_apache_systems; VEApacheSystem ventilation_ncm/system_controls_ncm,"VE SYS_TYPE=missing, AIR_FLOW_CTRL=missing, DCV=missing, FAN_CTRL=missing, scheduled auxiliary airflow=no"
16866_Crete_School_Complex_2010_V3,SYST0002,K_000009,,,>6,13.968,m3/(h.m2),,,,room,,ON,pending,,,IESVE model readback; reviewer confirmation required,VERoomData.get_air_exchanges/get_apache_systems; VEApacheSystem ventilation_ncm/system_controls_ncm,"VE SYS_TYPE=missing, AIR_FLOW_CTRL=missing, DCV=missing, FAN_CTRL=missing, scheduled auxiliary airflow=no"
16866_Crete_School_Complex_2010_V3,SYST0002,K_000012,,,>6,48.564,m3/(h.m2),,,,room,,ON,pending,,,IESVE model readback; reviewer confirmation required,VERoomData.get_air_exchanges/get_apache_systems; VEApacheSystem ventilation_ncm/system_controls_ncm,"VE SYS_TYPE=missing, AIR_FLOW_CTRL=missing, DCV=missing, FAN_CTRL=missing, scheduled auxiliary airflow=no"
16866_Crete_School_Complex_2010_V3,SYST0002,K_000003,,,>6,10.62,m3/(h.m2),,,,room,,ON,pending,,,IESVE model readback; reviewer confirmation required,VERoomData.get_air_exchanges/get_apache_systems; VEApacheSystem ventilation_ncm/system_controls_ncm,"VE SYS_TYPE=missing, AIR_FLOW_CTRL=missing, DCV=missing, FAN_CTRL=missing, scheduled auxiliary airflow=no"
16866_Crete_School_Complex_2010_V3,SYST0002,RM000017,,,>6,14.22,m3/(h.m2),,,,room,,ON,pending,,,IESVE model readback; reviewer confirmation required,VERoomData.get_air_exchanges/get_apache_systems; VEApacheSystem ventilation_ncm/system_controls_ncm,"VE SYS_TYPE=missing, AIR_FLOW_CTRL=missing, DCV=missing, FAN_CTRL=missing, scheduled auxiliary airflow=no"
16866_Crete_School_Complex_2010_V3,SYST0002,K_000006,,,<=3,2.808,m3/(h.m2),,,,room,,ON,pending,,,IESVE model readback; reviewer confirmation required,VERoomData.get_air_exchanges/get_apache_systems; VEApacheSystem ventilation_ncm/system_controls_ncm,"VE SYS_TYPE=missing, AIR_FLOW_CTRL=missing, DCV=missing, FAN_CTRL=missing, scheduled auxiliary airflow=no"
16866_Crete_School_Complex_2010_V3,SYST0002,RM000034,,,>6,21.852,m3/(h.m2),,,,room,,ON,pending,,,IESVE model readback; reviewer confirmation required,VERoomData.get_air_exchanges/get_apache_systems; VEApacheSystem ventilation_ncm/system_controls_ncm,"VE SYS_TYPE=missing, AIR_FLOW_CTRL=missing, DCV=missing, FAN_CTRL=missing, scheduled auxiliary airflow=no"
16866_Crete_School_Complex_2010_V3,SYST0002,RM0000B4,,,>6,25.56,m3/(h.m2),,,,room,,ON,pending,,,IESVE model readback; reviewer confirmation required,VERoomData.get_air_exchanges/get_apache_systems; VEApacheSystem ventilation_ncm/system_controls_ncm,"VE SYS_TYPE=missing, AIR_FLOW_CTRL=missing, DCV=missing, FAN_CTRL=missing, scheduled auxiliary airflow=no"
16866_Crete_School_Complex_2010_V3,SYST0002,K_000000,,,3-6,5.76,m3/(h.m2),,,,room,,ON,pending,,,IESVE model readback; reviewer confirmation required,VERoomData.get_air_exchanges/get_apache_systems; VEApacheSystem ventilation_ncm/system_controls_ncm,"VE SYS_TYPE=missing, AIR_FLOW_CTRL=missing, DCV=missing, FAN_CTRL=missing, scheduled auxiliary airflow=no"
16866_Crete_School_Complex_2010_V3,SYST0002,RM000039,,,>6,27.468,m3/(h.m2),,,,room,,ON,pending,,,IESVE model readback; reviewer confirmation required,VERoomData.get_air_exchanges/get_apache_systems; VEApacheSystem ventilation_ncm/system_controls_ncm,"VE SYS_TYPE=missing, AIR_FLOW_CTRL=missing, DCV=missing, FAN_CTRL=missing, scheduled auxiliary airflow=no"
16866_Crete_School_Complex_2010_V3,SYST0002,31000000,,,>6,14.436,m3/(h.m2),,,,room,,ON,pending,,,IESVE model readback; reviewer confirmation required,VERoomData.get_air_exchanges/get_apache_systems; VEApacheSystem ventilation_ncm/system_controls_ncm,"VE SYS_TYPE=missing, AIR_FLOW_CTRL=missing, DCV=missing, FAN_CTRL=missing, scheduled auxiliary airflow=no"
16866_Crete_School_Complex_2010_V3,SYST0002,33000000,,,>6,30.42,m3/(h.m2),,,,room,,ON,pending,,,IESVE model readback; reviewer confirmation required,VERoomData.get_air_exchanges/get_apache_systems; VEApacheSystem ventilation_ncm/system_controls_ncm,"VE SYS_TYPE=missing, AIR_FLOW_CTRL=missing, DCV=missing, FAN_CTRL=missing, scheduled auxiliary airflow=no"
16866_Crete_School_Complex_2010_V3,SYST0002,K_00000D,,,>6,18.216,m3/(h.m2),,,,room,,ON,pending,,,IESVE model readback; reviewer confirmation required,VERoomData.get_air_exchanges/get_apache_systems; VEApacheSystem ventilation_ncm/system_controls_ncm,"VE SYS_TYPE=missing, AIR_FLOW_CTRL=missing, DCV=missing, FAN_CTRL=missing, scheduled auxiliary airflow=no"
16866_Crete_School_Complex_2010_V3,SYST0002,46000000,,,>6,15.948,m3/(h.m2),,,,room,,ON,pending,,,IESVE model readback; reviewer confirmation required,VERoomData.get_air_exchanges/get_apache_systems; VEApacheSystem ventilation_ncm/system_controls_ncm,"VE SYS_TYPE=missing, AIR_FLOW_CTRL=missing, DCV=missing, FAN_CTRL=missing, scheduled auxiliary airflow=no"
16866_Crete_School_Complex_2010_V3,SYST0002,47000000,,,>6,15.948,m3/(h.m2),,,,room,,ON,pending,,,IESVE model readback; reviewer confirmation required,VERoomData.get_air_exchanges/get_apache_systems; VEApacheSystem ventilation_ncm/system_controls_ncm,"VE SYS_TYPE=missing, AIR_FLOW_CTRL=missing, DCV=missing, FAN_CTRL=missing, scheduled auxiliary airflow=no"
16866_Crete_School_Complex_2010_V3,SYST0002,SS000006,,,>6,15.48,m3/(h.m2),,,,room,,ON,pending,,,IESVE model readback; reviewer confirmation required,VERoomData.get_air_exchanges/get_apache_systems; VEApacheSystem ventilation_ncm/system_controls_ncm,"VE SYS_TYPE=missing, AIR_FLOW_CTRL=missing, DCV=missing, FAN_CTRL=missing, scheduled auxiliary airflow=no"
16866_Crete_School_Complex_2010_V3,SYST0002,49000000,,,>6,15.48,m3/(h.m2),,,,room,,ON,pending,,,IESVE model readback; reviewer confirmation required,VERoomData.get_air_exchanges/get_apache_systems; VEApacheSystem ventilation_ncm/system_controls_ncm,"VE SYS_TYPE=missing, AIR_FLOW_CTRL=missing, DCV=missing, FAN_CTRL=missing, scheduled auxiliary airflow=no"
16866_Crete_School_Complex_2010_V3,SYST0002,48000000,,,>6,15.48,m3/(h.m2),,,,room,,ON,pending,,,IESVE model readback; reviewer confirmation required,VERoomData.get_air_exchanges/get_apache_systems; VEApacheSystem ventilation_ncm/system_controls_ncm,"VE SYS_TYPE=missing, AIR_FLOW_CTRL=missing, DCV=missing, FAN_CTRL=missing, scheduled auxiliary airflow=no"
16866_Crete_School_Complex_2010_V3,SYST0002,51000000,,,>6,15.48,m3/(h.m2),,,,room,,ON,pending,,,IESVE model readback; reviewer confirmation required,VERoomData.get_air_exchanges/get_apache_systems; VEApacheSystem ventilation_ncm/system_controls_ncm,"VE SYS_TYPE=missing, AIR_FLOW_CTRL=missing, DCV=missing, FAN_CTRL=missing, scheduled auxiliary airflow=no"
16866_Crete_School_Complex_2010_V3,SYST0002,SS000032,,,>6,15.552,m3/(h.m2),,,,room,,ON,pending,,,IESVE model readback; reviewer confirmation required,VERoomData.get_air_exchanges/get_apache_systems; VEApacheSystem ventilation_ncm/system_controls_ncm,"VE SYS_TYPE=missing, AIR_FLOW_CTRL=missing, DCV=missing, FAN_CTRL=missing, scheduled auxiliary airflow=no"
16866_Crete_School_Complex_2010_V3,SYST0002,42000000,,,>6,9.792,m3/(h.m2),,,,room,,ON,pending,,,IESVE model readback; reviewer confirmation required,VERoomData.get_air_exchanges/get_apache_systems; VEApacheSystem ventilation_ncm/system_controls_ncm,"VE SYS_TYPE=missing, AIR_FLOW_CTRL=missing, DCV=missing, FAN_CTRL=missing, scheduled auxiliary airflow=no"
16866_Crete_School_Complex_2010_V3,SYST0002,32000000,,,>6,25.236,m3/(h.m2),,,,room,,ON,pending,,,IESVE model readback; reviewer confirmation required,VERoomData.get_air_exchanges/get_apache_systems; VEApacheSystem ventilation_ncm/system_controls_ncm,"VE SYS_TYPE=missing, AIR_FLOW_CTRL=missing, DCV=missing, FAN_CTRL=missing, scheduled auxiliary airflow=no"
16866_Crete_School_Complex_2010_V3,SYST0002,38000000,,,>6,36.144,m3/(h.m2),,,,room,,ON,pending,,,IESVE model readback; reviewer confirmation required,VERoomData.get_air_exchanges/get_apache_systems; VEApacheSystem ventilation_ncm/system_controls_ncm,"VE SYS_TYPE=missing, AIR_FLOW_CTRL=missing, DCV=missing, FAN_CTRL=missing, scheduled auxiliary airflow=no"
16866_Crete_School_Complex_2010_V3,SYST0002,43000000,,,>6,25.272,m3/(h.m2),,,,room,,ON,pending,,,IESVE model readback; reviewer confirmation required,VERoomData.get_air_exchanges/get_apache_systems; VEApacheSystem ventilation_ncm/system_controls_ncm,"VE SYS_TYPE=missing, AIR_FLOW_CTRL=missing, DCV=missing, FAN_CTRL=missing, scheduled auxiliary airflow=no"
16866_Crete_School_Complex_2010_V3,SYST0002,SS000003,,,>6,10.836,m3/(h.m2),,,,room,,ON,pending,,,IESVE model readback; reviewer confirmation required,VERoomData.get_air_exchanges/get_apache_systems; VEApacheSystem ventilation_ncm/system_controls_ncm,"VE SYS_TYPE=missing, AIR_FLOW_CTRL=missing, DCV=missing, FAN_CTRL=missing, scheduled auxiliary airflow=no"
16866_Crete_School_Complex_2010_V3,SYST0002,P_000003,,,>6,14.436,m3/(h.m2),,,,room,,ON,pending,,,IESVE model readback; reviewer confirmation required,VERoomData.get_air_exchanges/get_apache_systems; VEApacheSystem ventilation_ncm/system_controls_ncm,"VE SYS_TYPE=missing, AIR_FLOW_CTRL=missing, DCV=missing, FAN_CTRL=missing, scheduled auxiliary airflow=no"
16866_Crete_School_Complex_2010_V3,SYST0002,SS00001E,,,>6,7.272,m3/(h.m2),,,,room,,ON,pending,,,IESVE model readback; reviewer confirmation required,VERoomData.get_air_exchanges/get_apache_systems; VEApacheSystem ventilation_ncm/system_controls_ncm,"VE SYS_TYPE=missing, AIR_FLOW_CTRL=missing, DCV=missing, FAN_CTRL=missing, scheduled auxiliary airflow=no"
16866_Crete_School_Complex_2010_V3,SYST0002,SS000029,,,>6,6.768,m3/(h.m2),,,,room,,ON,pending,,,IESVE model readback; reviewer confirmation required,VERoomData.get_air_exchanges/get_apache_systems; VEApacheSystem ventilation_ncm/system_controls_ncm,"VE SYS_TYPE=missing, AIR_FLOW_CTRL=missing, DCV=missing, FAN_CTRL=missing, scheduled auxiliary airflow=no"
16866_Crete_School_Complex_2010_V3,SYST0002,39000000,,,>6,21.492,m3/(h.m2),,,,room,,ON,pending,,,IESVE model readback; reviewer confirmation required,VERoomData.get_air_exchanges/get_apache_systems; VEApacheSystem ventilation_ncm/system_controls_ncm,"VE SYS_TYPE=missing, AIR_FLOW_CTRL=missing, DCV=missing, FAN_CTRL=missing, scheduled auxiliary airflow=no"
16866_Crete_School_Complex_2010_V3,SYST0002,34000000,,,>6,18.612,m3/(h.m2),,,,room,,ON,pending,,,IESVE model readback; reviewer confirmation required,VERoomData.get_air_exchanges/get_apache_systems; VEApacheSystem ventilation_ncm/system_controls_ncm,"VE SYS_TYPE=missing, AIR_FLOW_CTRL=missing, DCV=missing, FAN_CTRL=missing, scheduled auxiliary airflow=no"
16866_Crete_School_Complex_2010_V3,SYST0002,SS00001B,,,>6,11.376,m3/(h.m2),,,,room,,ON,pending,,,IESVE model readback; reviewer confirmation required,VERoomData.get_air_exchanges/get_apache_systems; VEApacheSystem ventilation_ncm/system_controls_ncm,"VE SYS_TYPE=missing, AIR_FLOW_CTRL=missing, DCV=missing, FAN_CTRL=missing, scheduled auxiliary airflow=no"
16866_Crete_School_Complex_2010_V3,SYST0002,36000000,,,>6,27.792,m3/(h.m2),,,,room,,ON,pending,,,IESVE model readback; reviewer confirmation required,VERoomData.get_air_exchanges/get_apache_systems; VEApacheSystem ventilation_ncm/system_controls_ncm,"VE SYS_TYPE=missing, AIR_FLOW_CTRL=missing, DCV=missing, FAN_CTRL=missing, scheduled auxiliary airflow=no"
16866_Crete_School_Complex_2010_V3,SYST0002,52000000,,,>6,26.856,m3/(h.m2),,,,room,,ON,pending,,,IESVE model readback; reviewer confirmation required,VERoomData.get_air_exchanges/get_apache_systems; VEApacheSystem ventilation_ncm/system_controls_ncm,"VE SYS_TYPE=missing, AIR_FLOW_CTRL=missing, DCV=missing, FAN_CTRL=missing, scheduled auxiliary airflow=no"
16866_Crete_School_Complex_2010_V3,SYST0002,35000000,,,>6,39.816,m3/(h.m2),,,,room,,ON,pending,,,IESVE model readback; reviewer confirmation required,VERoomData.get_air_exchanges/get_apache_systems; VEApacheSystem ventilation_ncm/system_controls_ncm,"VE SYS_TYPE=missing, AIR_FLOW_CTRL=missing, DCV=missing, FAN_CTRL=missing, scheduled auxiliary airflow=no"
16866_Crete_School_Complex_2010_V3,SYST0002,54000000,,,>6,26.856,m3/(h.m2),,,,room,,ON,pending,,,IESVE model readback; reviewer confirmation required,VERoomData.get_air_exchanges/get_apache_systems; VEApacheSystem ventilation_ncm/system_controls_ncm,"VE SYS_TYPE=missing, AIR_FLOW_CTRL=missing, DCV=missing, FAN_CTRL=missing, scheduled auxiliary airflow=no"
16866_Crete_School_Complex_2010_V3,SYST0002,53000000,,,>6,26.856,m3/(h.m2),,,,room,,ON,pending,,,IESVE model readback; reviewer confirmation required,VERoomData.get_air_exchanges/get_apache_systems; VEApacheSystem ventilation_ncm/system_controls_ncm,"VE SYS_TYPE=missing, AIR_FLOW_CTRL=missing, DCV=missing, FAN_CTRL=missing, scheduled auxiliary airflow=no"
16866_Crete_School_Complex_2010_V3,SYST0002,72000000,,,>6,15.768,m3/(h.m2),,,,room,,ON,pending,,,IESVE model readback; reviewer confirmation required,VERoomData.get_air_exchanges/get_apache_systems; VEApacheSystem ventilation_ncm/system_controls_ncm,"VE SYS_TYPE=missing, AIR_FLOW_CTRL=missing, DCV=missing, FAN_CTRL=missing, scheduled auxiliary airflow=no"
16866_Crete_School_Complex_2010_V3,SYST0002,71000000,,,>6,15.984,m3/(h.m2),,,,room,,ON,pending,,,IESVE model readback; reviewer confirmation required,VERoomData.get_air_exchanges/get_apache_systems; VEApacheSystem ventilation_ncm/system_controls_ncm,"VE SYS_TYPE=missing, AIR_FLOW_CTRL=missing, DCV=missing, FAN_CTRL=missing, scheduled auxiliary airflow=no"
16866_Crete_School_Complex_2010_V3,SYST0002,77000000,,,>6,15.984,m3/(h.m2),,,,room,,ON,pending,,,IESVE model readback; reviewer confirmation required,VERoomData.get_air_exchanges/get_apache_systems; VEApacheSystem ventilation_ncm/system_controls_ncm,"VE SYS_TYPE=missing, AIR_FLOW_CTRL=missing, DCV=missing, FAN_CTRL=missing, scheduled auxiliary airflow=no"
16866_Crete_School_Complex_2010_V3,SYST0002,74000000,,,>6,15.984,m3/(h.m2),,,,room,,ON,pending,,,IESVE model readback; reviewer confirmation required,VERoomData.get_air_exchanges/get_apache_systems; VEApacheSystem ventilation_ncm/system_controls_ncm,"VE SYS_TYPE=missing, AIR_FLOW_CTRL=missing, DCV=missing, FAN_CTRL=missing, scheduled auxiliary airflow=no"
16866_Crete_School_Complex_2010_V3,SYST0002,90000000,,,3-6,3.168,m3/(h.m2),,,,room,,ON,pending,,,IESVE model readback; reviewer confirmation required,VERoomData.get_air_exchanges/get_apache_systems; VEApacheSystem ventilation_ncm/system_controls_ncm,"VE SYS_TYPE=missing, AIR_FLOW_CTRL=missing, DCV=missing, FAN_CTRL=missing, scheduled auxiliary airflow=no"
16866_Crete_School_Complex_2010_V3,SYST0002,K_00000A,,,>6,15.768,m3/(h.m2),,,,room,,ON,pending,,,IESVE model readback; reviewer confirmation required,VERoomData.get_air_exchanges/get_apache_systems; VEApacheSystem ventilation_ncm/system_controls_ncm,"VE SYS_TYPE=missing, AIR_FLOW_CTRL=missing, DCV=missing, FAN_CTRL=missing, scheduled auxiliary airflow=no"
16866_Crete_School_Complex_2010_V3,SYST0002,75000000,,,>6,16.668,m3/(h.m2),,,,room,,ON,pending,,,IESVE model readback; reviewer confirmation required,VERoomData.get_air_exchanges/get_apache_systems; VEApacheSystem ventilation_ncm/system_controls_ncm,"VE SYS_TYPE=missing, AIR_FLOW_CTRL=missing, DCV=missing, FAN_CTRL=missing, scheduled auxiliary airflow=no"
16866_Crete_School_Complex_2010_V3,SYST0002,SS000009,,,3-6,3.204,m3/(h.m2),,,,room,,ON,pending,,,IESVE model readback; reviewer confirmation required,VERoomData.get_air_exchanges/get_apache_systems; VEApacheSystem ventilation_ncm/system_controls_ncm,"VE SYS_TYPE=missing, AIR_FLOW_CTRL=missing, DCV=missing, FAN_CTRL=missing, scheduled auxiliary airflow=no"
16866_Crete_School_Complex_2010_V3,SYST0002,50000000,,,>6,21.744,m3/(h.m2),,,,room,,ON,pending,,,IESVE model readback; reviewer confirmation required,VERoomData.get_air_exchanges/get_apache_systems; VEApacheSystem ventilation_ncm/system_controls_ncm,"VE SYS_TYPE=missing, AIR_FLOW_CTRL=missing, DCV=missing, FAN_CTRL=missing, scheduled auxiliary airflow=no"
16866_Crete_School_Complex_2010_V3,SYST0002,P0000000,,,>6,8.352,m3/(h.m2),,,,room,,ON,pending,,,IESVE model readback; reviewer confirmation required,VERoomData.get_air_exchanges/get_apache_systems; VEApacheSystem ventilation_ncm/system_controls_ncm,"VE SYS_TYPE=missing, AIR_FLOW_CTRL=missing, DCV=missing, FAN_CTRL=missing, scheduled auxiliary airflow=no"
16866_Crete_School_Complex_2010_V3,SYST0002,79000000,,,>6,7.524,m3/(h.m2),,,,room,,ON,pending,,,IESVE model readback; reviewer confirmation required,VERoomData.get_air_exchanges/get_apache_systems; VEApacheSystem ventilation_ncm/system_controls_ncm,"VE SYS_TYPE=missing, AIR_FLOW_CTRL=missing, DCV=missing, FAN_CTRL=missing, scheduled auxiliary airflow=no"
16866_Crete_School_Complex_2010_V3,SYST0002,SS000023,,,>6,30.708,m3/(h.m2),,,,room,,ON,pending,,,IESVE model readback; reviewer confirmation required,VERoomData.get_air_exchanges/get_apache_systems; VEApacheSystem ventilation_ncm/system_controls_ncm,"VE SYS_TYPE=missing, AIR_FLOW_CTRL=missing, DCV=missing, FAN_CTRL=missing, scheduled auxiliary airflow=no"
16866_Crete_School_Complex_2010_V3,SYST0002,K_000002,,,3-6,3.96,m3/(h.m2),,,,room,,ON,pending,,,IESVE model readback; reviewer confirmation required,VERoomData.get_air_exchanges/get_apache_systems; VEApacheSystem ventilation_ncm/system_controls_ncm,"VE SYS_TYPE=missing, AIR_FLOW_CTRL=missing, DCV=missing, FAN_CTRL=missing, scheduled auxiliary airflow=no"
16866_Crete_School_Complex_2010_V3,SYST0002,20000000,,,3-6,3.276,m3/(h.m2),,,,room,,ON,pending,,,IESVE model readback; reviewer confirmation required,VERoomData.get_air_exchanges/get_apache_systems; VEApacheSystem ventilation_ncm/system_controls_ncm,"VE SYS_TYPE=missing, AIR_FLOW_CTRL=missing, DCV=missing, FAN_CTRL=missing, scheduled auxiliary airflow=no"
16866_Crete_School_Complex_2010_V3,SYST0002,69000000,,,3-6,3.348,m3/(h.m2),,,,room,,ON,pending,,,IESVE model readback; reviewer confirmation required,VERoomData.get_air_exchanges/get_apache_systems; VEApacheSystem ventilation_ncm/system_controls_ncm,"VE SYS_TYPE=missing, AIR_FLOW_CTRL=missing, DCV=missing, FAN_CTRL=missing, scheduled auxiliary airflow=no"
16866_Crete_School_Complex_2010_V3,SYST0002,12600000,,,3-6,5.04,m3/(h.m2),,,,room,,ON,pending,,,IESVE model readback; reviewer confirmation required,VERoomData.get_air_exchanges/get_apache_systems; VEApacheSystem ventilation_ncm/system_controls_ncm,"VE SYS_TYPE=missing, AIR_FLOW_CTRL=missing, DCV=missing, FAN_CTRL=missing, scheduled auxiliary airflow=no"
16866_Crete_School_Complex_2010_V3,SYST0002,12800000,,,3-6,5.256,m3/(h.m2),,,,room,,ON,pending,,,IESVE model readback; reviewer confirmation required,VERoomData.get_air_exchanges/get_apache_systems; VEApacheSystem ventilation_ncm/system_controls_ncm,"VE SYS_TYPE=missing, AIR_FLOW_CTRL=missing, DCV=missing, FAN_CTRL=missing, scheduled auxiliary airflow=no"
16866_Crete_School_Complex_2010_V3,SYST0002,13300000,,,3-6,5.4,m3/(h.m2),,,,room,,ON,pending,,,IESVE model readback; reviewer confirmation required,VERoomData.get_air_exchanges/get_apache_systems; VEApacheSystem ventilation_ncm/system_controls_ncm,"VE SYS_TYPE=missing, AIR_FLOW_CTRL=missing, DCV=missing, FAN_CTRL=missing, scheduled auxiliary airflow=no"
16866_Crete_School_Complex_2010_V3,SYST0002,12500000,,,>6,17.316,m3/(h.m2),,,,room,,ON,pending,,,IESVE model readback; reviewer confirmation required,VERoomData.get_air_exchanges/get_apache_systems; VEApacheSystem ventilation_ncm/system_controls_ncm,"VE SYS_TYPE=missing, AIR_FLOW_CTRL=missing, DCV=missing, FAN_CTRL=missing, scheduled auxiliary airflow=no"
16866_Crete_School_Complex_2010_V3,SYST0002,13100000,,,>6,7.992,m3/(h.m2),,,,room,,ON,pending,,,IESVE model readback; reviewer confirmation required,VERoomData.get_air_exchanges/get_apache_systems; VEApacheSystem ventilation_ncm/system_controls_ncm,"VE SYS_TYPE=missing, AIR_FLOW_CTRL=missing, DCV=missing, FAN_CTRL=missing, scheduled auxiliary airflow=no"
16866_Crete_School_Complex_2010_V3,SYST0002,P_000001,,,>6,14.112,m3/(h.m2),,,,room,,ON,pending,,,IESVE model readback; reviewer confirmation required,VERoomData.get_air_exchanges/get_apache_systems; VEApacheSystem ventilation_ncm/system_controls_ncm,"VE SYS_TYPE=missing, AIR_FLOW_CTRL=missing, DCV=missing, FAN_CTRL=missing, scheduled auxiliary airflow=no"
16866_Crete_School_Complex_2010_V3,SYST0002,13600000,,,>6,21.024,m3/(h.m2),,,,room,,ON,pending,,,IESVE model readback; reviewer confirmation required,VERoomData.get_air_exchanges/get_apache_systems; VEApacheSystem ventilation_ncm/system_controls_ncm,"VE SYS_TYPE=missing, AIR_FLOW_CTRL=missing, DCV=missing, FAN_CTRL=missing, scheduled auxiliary airflow=no"
16866_Crete_School_Complex_2010_V3,SYST0002,12100000,,,3-6,4.176,m3/(h.m2),,,,room,,ON,pending,,,IESVE model readback; reviewer confirmation required,VERoomData.get_air_exchanges/get_apache_systems; VEApacheSystem ventilation_ncm/system_controls_ncm,"VE SYS_TYPE=missing, AIR_FLOW_CTRL=missing, DCV=missing, FAN_CTRL=missing, scheduled auxiliary airflow=no"
16866_Crete_School_Complex_2010_V3,SYST0002,12400000,,,3-6,5.868,m3/(h.m2),,,,room,,ON,pending,,,IESVE model readback; reviewer confirmation required,VERoomData.get_air_exchanges/get_apache_systems; VEApacheSystem ventilation_ncm/system_controls_ncm,"VE SYS_TYPE=missing, AIR_FLOW_CTRL=missing, DCV=missing, FAN_CTRL=missing, scheduled auxiliary airflow=no"
16866_Crete_School_Complex_2010_V3,SYST0002,13500000,,,>6,6.516,m3/(h.m2),,,,room,,ON,pending,,,IESVE model readback; reviewer confirmation required,VERoomData.get_air_exchanges/get_apache_systems; VEApacheSystem ventilation_ncm/system_controls_ncm,"VE SYS_TYPE=missing, AIR_FLOW_CTRL=missing, DCV=missing, FAN_CTRL=missing, scheduled auxiliary airflow=no"
16866_Crete_School_Complex_2010_V3,SYST0002,12200000,,,3-6,4.644,m3/(h.m2),,,,room,,ON,pending,,,IESVE model readback; reviewer confirmation required,VERoomData.get_air_exchanges/get_apache_systems; VEApacheSystem ventilation_ncm/system_controls_ncm,"VE SYS_TYPE=missing, AIR_FLOW_CTRL=missing, DCV=missing, FAN_CTRL=missing, scheduled auxiliary airflow=no"
16866_Crete_School_Complex_2010_V3,SYST0002,P_000002,,,3-6,5.616,m3/(h.m2),,,,room,,ON,pending,,,IESVE model readback; reviewer confirmation required,VERoomData.get_air_exchanges/get_apache_systems; VEApacheSystem ventilation_ncm/system_controls_ncm,"VE SYS_TYPE=missing, AIR_FLOW_CTRL=missing, DCV=missing, FAN_CTRL=missing, scheduled auxiliary airflow=no"
16866_Crete_School_Complex_2010_V3,SYST0002,S_00000D,,,3-6,4.176,m3/(h.m2),,,,room,,ON,pending,,,IESVE model readback; reviewer confirmation required,VERoomData.get_air_exchanges/get_apache_systems; VEApacheSystem ventilation_ncm/system_controls_ncm,"VE SYS_TYPE=missing, AIR_FLOW_CTRL=missing, DCV=missing, FAN_CTRL=missing, scheduled auxiliary airflow=no"
16866_Crete_School_Complex_2010_V3,SYST0002,RM00006B,,,>6,10.872,m3/(h.m2),,,,room,,ON,pending,,,IESVE model readback; reviewer confirmation required,VERoomData.get_air_exchanges/get_apache_systems; VEApacheSystem ventilation_ncm/system_controls_ncm,"VE SYS_TYPE=missing, AIR_FLOW_CTRL=missing, DCV=missing, FAN_CTRL=missing, scheduled auxiliary airflow=no"
16866_Crete_School_Complex_2010_V3,SYST0002,RM00005B,,,>6,12.096,m3/(h.m2),,,,room,,ON,pending,,,IESVE model readback; reviewer confirmation required,VERoomData.get_air_exchanges/get_apache_systems; VEApacheSystem ventilation_ncm/system_controls_ncm,"VE SYS_TYPE=missing, AIR_FLOW_CTRL=missing, DCV=missing, FAN_CTRL=missing, scheduled auxiliary airflow=no"
16866_Crete_School_Complex_2010_V3,SYST0002,RM00009C,,,>6,24.768,m3/(h.m2),,,,room,,ON,pending,,,IESVE model readback; reviewer confirmation required,VERoomData.get_air_exchanges/get_apache_systems; VEApacheSystem ventilation_ncm/system_controls_ncm,"VE SYS_TYPE=missing, AIR_FLOW_CTRL=missing, DCV=missing, FAN_CTRL=missing, scheduled auxiliary airflow=no"
16866_Crete_School_Complex_2010_V3,SYST0002,RM000060,,,>6,7.956,m3/(h.m2),,,,room,,ON,pending,,,IESVE model readback; reviewer confirmation required,VERoomData.get_air_exchanges/get_apache_systems; VEApacheSystem ventilation_ncm/system_controls_ncm,"VE SYS_TYPE=missing, AIR_FLOW_CTRL=missing, DCV=missing, FAN_CTRL=missing, scheduled auxiliary airflow=no"
16866_Crete_School_Complex_2010_V3,SYST0002,RM000054,,,>6,8.208,m3/(h.m2),,,,room,,ON,pending,,,IESVE model readback; reviewer confirmation required,VERoomData.get_air_exchanges/get_apache_systems; VEApacheSystem ventilation_ncm/system_controls_ncm,"VE SYS_TYPE=missing, AIR_FLOW_CTRL=missing, DCV=missing, FAN_CTRL=missing, scheduled auxiliary airflow=no"
16866_Crete_School_Complex_2010_V3,SYST0002,RM00006A,,,>6,13.68,m3/(h.m2),,,,room,,ON,pending,,,IESVE model readback; reviewer confirmation required,VERoomData.get_air_exchanges/get_apache_systems; VEApacheSystem ventilation_ncm/system_controls_ncm,"VE SYS_TYPE=missing, AIR_FLOW_CTRL=missing, DCV=missing, FAN_CTRL=missing, scheduled auxiliary airflow=no"
16866_Crete_School_Complex_2010_V3,SYST0002,RM000064,,,>6,13.572,m3/(h.m2),,,,room,,ON,pending,,,IESVE model readback; reviewer confirmation required,VERoomData.get_air_exchanges/get_apache_systems; VEApacheSystem ventilation_ncm/system_controls_ncm,"VE SYS_TYPE=missing, AIR_FLOW_CTRL=missing, DCV=missing, FAN_CTRL=missing, scheduled auxiliary airflow=no"
16866_Crete_School_Complex_2010_V3,SYST0002,RM00009D,,,>6,13.284,m3/(h.m2),,,,room,,ON,pending,,,IESVE model readback; reviewer confirmation required,VERoomData.get_air_exchanges/get_apache_systems; VEApacheSystem ventilation_ncm/system_controls_ncm,"VE SYS_TYPE=missing, AIR_FLOW_CTRL=missing, DCV=missing, FAN_CTRL=missing, scheduled auxiliary airflow=no"
16866_Crete_School_Complex_2010_V3,SYST0002,RM000065,,,>6,13.32,m3/(h.m2),,,,room,,ON,pending,,,IESVE model readback; reviewer confirmation required,VERoomData.get_air_exchanges/get_apache_systems; VEApacheSystem ventilation_ncm/system_controls_ncm,"VE SYS_TYPE=missing, AIR_FLOW_CTRL=missing, DCV=missing, FAN_CTRL=missing, scheduled auxiliary airflow=no"
16866_Crete_School_Complex_2010_V3,SYST0002,RM00005E,,,>6,7.632,m3/(h.m2),,,,room,,ON,pending,,,IESVE model readback; reviewer confirmation required,VERoomData.get_air_exchanges/get_apache_systems; VEApacheSystem ventilation_ncm/system_controls_ncm,"VE SYS_TYPE=missing, AIR_FLOW_CTRL=missing, DCV=missing, FAN_CTRL=missing, scheduled auxiliary airflow=no"
16866_Crete_School_Complex_2010_V3,SYST0002,RM00009B,,,3-6,4.572,m3/(h.m2),,,,room,,ON,pending,,,IESVE model readback; reviewer confirmation required,VERoomData.get_air_exchanges/get_apache_systems; VEApacheSystem ventilation_ncm/system_controls_ncm,"VE SYS_TYPE=missing, AIR_FLOW_CTRL=missing, DCV=missing, FAN_CTRL=missing, scheduled auxiliary airflow=no"
16866_Crete_School_Complex_2010_V3,SYST0002,RM000058,,,3-6,5.94,m3/(h.m2),,,,room,,ON,pending,,,IESVE model readback; reviewer confirmation required,VERoomData.get_air_exchanges/get_apache_systems; VEApacheSystem ventilation_ncm/system_controls_ncm,"VE SYS_TYPE=missing, AIR_FLOW_CTRL=missing, DCV=missing, FAN_CTRL=missing, scheduled auxiliary airflow=no"
16866_Crete_School_Complex_2010_V3,SYST0002,RM000057,,,3-6,4.788,m3/(h.m2),,,,room,,ON,pending,,,IESVE model readback; reviewer confirmation required,VERoomData.get_air_exchanges/get_apache_systems; VEApacheSystem ventilation_ncm/system_controls_ncm,"VE SYS_TYPE=missing, AIR_FLOW_CTRL=missing, DCV=missing, FAN_CTRL=missing, scheduled auxiliary airflow=no"
16866_Crete_School_Complex_2010_V3,SYST0002,S0000008,,,>6,16.488,m3/(h.m2),,,,room,,ON,pending,,,IESVE model readback; reviewer confirmation required,VERoomData.get_air_exchanges/get_apache_systems; VEApacheSystem ventilation_ncm/system_controls_ncm,"VE SYS_TYPE=missing, AIR_FLOW_CTRL=missing, DCV=missing, FAN_CTRL=missing, scheduled auxiliary airflow=no"
16866_Crete_School_Complex_2010_V3,SYST0002,S0000009,,,>6,16.56,m3/(h.m2),,,,room,,ON,pending,,,IESVE model readback; reviewer confirmation required,VERoomData.get_air_exchanges/get_apache_systems; VEApacheSystem ventilation_ncm/system_controls_ncm,"VE SYS_TYPE=missing, AIR_FLOW_CTRL=missing, DCV=missing, FAN_CTRL=missing, scheduled auxiliary airflow=no"
16866_Crete_School_Complex_2010_V3,SYST0002,RM00009F,,,>6,13.86,m3/(h.m2),,,,room,,ON,pending,,,IESVE model readback; reviewer confirmation required,VERoomData.get_air_exchanges/get_apache_systems; VEApacheSystem ventilation_ncm/system_controls_ncm,"VE SYS_TYPE=missing, AIR_FLOW_CTRL=missing, DCV=missing, FAN_CTRL=missing, scheduled auxiliary airflow=no"
16866_Crete_School_Complex_2010_V3,SYST0002,RM000086,,,>6,14.184,m3/(h.m2),,,,room,,ON,pending,,,IESVE model readback; reviewer confirmation required,VERoomData.get_air_exchanges/get_apache_systems; VEApacheSystem ventilation_ncm/system_controls_ncm,"VE SYS_TYPE=missing, AIR_FLOW_CTRL=missing, DCV=missing, FAN_CTRL=missing, scheduled auxiliary airflow=no"
16866_Crete_School_Complex_2010_V3,SYST0002,RM00007C,,,>6,13.896,m3/(h.m2),,,,room,,ON,pending,,,IESVE model readback; reviewer confirmation required,VERoomData.get_air_exchanges/get_apache_systems; VEApacheSystem ventilation_ncm/system_controls_ncm,"VE SYS_TYPE=missing, AIR_FLOW_CTRL=missing, DCV=missing, FAN_CTRL=missing, scheduled auxiliary airflow=no"
16866_Crete_School_Complex_2010_V3,SYST0002,RM0000A0,,,>6,14.292,m3/(h.m2),,,,room,,ON,pending,,,IESVE model readback; reviewer confirmation required,VERoomData.get_air_exchanges/get_apache_systems; VEApacheSystem ventilation_ncm/system_controls_ncm,"VE SYS_TYPE=missing, AIR_FLOW_CTRL=missing, DCV=missing, FAN_CTRL=missing, scheduled auxiliary airflow=no"
16866_Crete_School_Complex_2010_V3,SYST0002,RM000080,,,>6,17.28,m3/(h.m2),,,,room,,ON,pending,,,IESVE model readback; reviewer confirmation required,VERoomData.get_air_exchanges/get_apache_systems; VEApacheSystem ventilation_ncm/system_controls_ncm,"VE SYS_TYPE=missing, AIR_FLOW_CTRL=missing, DCV=missing, FAN_CTRL=missing, scheduled auxiliary airflow=no"
16866_Crete_School_Complex_2010_V3,SYST0002,RM00007A,,,>6,16.632,m3/(h.m2),,,,room,,ON,pending,,,IESVE model readback; reviewer confirmation required,VERoomData.get_air_exchanges/get_apache_systems; VEApacheSystem ventilation_ncm/system_controls_ncm,"VE SYS_TYPE=missing, AIR_FLOW_CTRL=missing, DCV=missing, FAN_CTRL=missing, scheduled auxiliary airflow=no"
16866_Crete_School_Complex_2010_V3,SYST0002,RM000084,,,>6,16.632,m3/(h.m2),,,,room,,ON,pending,,,IESVE model readback; reviewer confirmation required,VERoomData.get_air_exchanges/get_apache_systems; VEApacheSystem ventilation_ncm/system_controls_ncm,"VE SYS_TYPE=missing, AIR_FLOW_CTRL=missing, DCV=missing, FAN_CTRL=missing, scheduled auxiliary airflow=no"
16866_Crete_School_Complex_2010_V3,SYST0002,RM00007F,,,>6,16.632,m3/(h.m2),,,,room,,ON,pending,,,IESVE model readback; reviewer confirmation required,VERoomData.get_air_exchanges/get_apache_systems; VEApacheSystem ventilation_ncm/system_controls_ncm,"VE SYS_TYPE=missing, AIR_FLOW_CTRL=missing, DCV=missing, FAN_CTRL=missing, scheduled auxiliary airflow=no"
16866_Crete_School_Complex_2010_V3,SYST0002,RM00007D,,,>6,16.632,m3/(h.m2),,,,room,,ON,pending,,,IESVE model readback; reviewer confirmation required,VERoomData.get_air_exchanges/get_apache_systems; VEApacheSystem ventilation_ncm/system_controls_ncm,"VE SYS_TYPE=missing, AIR_FLOW_CTRL=missing, DCV=missing, FAN_CTRL=missing, scheduled auxiliary airflow=no"
16866_Crete_School_Complex_2010_V3,SYST0002,RM000092,,,<=3,2.628,m3/(h.m2),,,,room,,ON,pending,,,IESVE model readback; reviewer confirmation required,VERoomData.get_air_exchanges/get_apache_systems; VEApacheSystem ventilation_ncm/system_controls_ncm,"VE SYS_TYPE=missing, AIR_FLOW_CTRL=missing, DCV=missing, FAN_CTRL=missing, scheduled auxiliary airflow=no"
16866_Crete_School_Complex_2010_V3,SYST0002,RM000082,,,>6,17.28,m3/(h.m2),,,,room,,ON,pending,,,IESVE model readback; reviewer confirmation required,VERoomData.get_air_exchanges/get_apache_systems; VEApacheSystem ventilation_ncm/system_controls_ncm,"VE SYS_TYPE=missing, AIR_FLOW_CTRL=missing, DCV=missing, FAN_CTRL=missing, scheduled auxiliary airflow=no"
16866_Crete_School_Complex_2010_V3,SYST0002,RM00003D,,,>6,21.132,m3/(h.m2),,,,room,,ON,pending,,,IESVE model readback; reviewer confirmation required,VERoomData.get_air_exchanges/get_apache_systems; VEApacheSystem ventilation_ncm/system_controls_ncm,"VE SYS_TYPE=missing, AIR_FLOW_CTRL=missing, DCV=missing, FAN_CTRL=missing, scheduled auxiliary airflow=no"
16866_Crete_School_Complex_2010_V3,SYST0002,RM00005D,,,>6,36.36,m3/(h.m2),,,,room,,ON,pending,,,IESVE model readback; reviewer confirmation required,VERoomData.get_air_exchanges/get_apache_systems; VEApacheSystem ventilation_ncm/system_controls_ncm,"VE SYS_TYPE=missing, AIR_FLOW_CTRL=missing, DCV=missing, FAN_CTRL=missing, scheduled auxiliary airflow=no"
16866_Crete_School_Complex_2010_V3,SYST0002,RM000090,,,>6,14.04,m3/(h.m2),,,,room,,ON,pending,,,IESVE model readback; reviewer confirmation required,VERoomData.get_air_exchanges/get_apache_systems; VEApacheSystem ventilation_ncm/system_controls_ncm,"VE SYS_TYPE=missing, AIR_FLOW_CTRL=missing, DCV=missing, FAN_CTRL=missing, scheduled auxiliary airflow=no"
16866_Crete_School_Complex_2010_V3,SYST0002,RM000049,,,>6,19.08,m3/(h.m2),,,,room,,ON,pending,,,IESVE model readback; reviewer confirmation required,VERoomData.get_air_exchanges/get_apache_systems; VEApacheSystem ventilation_ncm/system_controls_ncm,"VE SYS_TYPE=missing, AIR_FLOW_CTRL=missing, DCV=missing, FAN_CTRL=missing, scheduled auxiliary airflow=no"
16866_Crete_School_Complex_2010_V3,SYST0002,RM00008A,,,>6,10.548,m3/(h.m2),,,,room,,ON,pending,,,IESVE model readback; reviewer confirmation required,VERoomData.get_air_exchanges/get_apache_systems; VEApacheSystem ventilation_ncm/system_controls_ncm,"VE SYS_TYPE=missing, AIR_FLOW_CTRL=missing, DCV=missing, FAN_CTRL=missing, scheduled auxiliary airflow=no"
16866_Crete_School_Complex_2010_V3,SYST0002,RM0000A1,,,>6,6.264,m3/(h.m2),,,,room,,ON,pending,,,IESVE model readback; reviewer confirmation required,VERoomData.get_air_exchanges/get_apache_systems; VEApacheSystem ventilation_ncm/system_controls_ncm,"VE SYS_TYPE=missing, AIR_FLOW_CTRL=missing, DCV=missing, FAN_CTRL=missing, scheduled auxiliary airflow=no"
16866_Crete_School_Complex_2010_V3,SYST0002,RM00004E,,,>6,19.872,m3/(h.m2),,,,room,,ON,pending,,,IESVE model readback; reviewer confirmation required,VERoomData.get_air_exchanges/get_apache_systems; VEApacheSystem ventilation_ncm/system_controls_ncm,"VE SYS_TYPE=missing, AIR_FLOW_CTRL=missing, DCV=missing, FAN_CTRL=missing, scheduled auxiliary airflow=no"
16866_Crete_School_Complex_2010_V3,SYST0002,RM00004B,,,>6,19.872,m3/(h.m2),,,,room,,ON,pending,,,IESVE model readback; reviewer confirmation required,VERoomData.get_air_exchanges/get_apache_systems; VEApacheSystem ventilation_ncm/system_controls_ncm,"VE SYS_TYPE=missing, AIR_FLOW_CTRL=missing, DCV=missing, FAN_CTRL=missing, scheduled auxiliary airflow=no"
16866_Crete_School_Complex_2010_V3,SYST0002,S0000001,,,3-6,4.86,m3/(h.m2),,,,room,,ON,pending,,,IESVE model readback; reviewer confirmation required,VERoomData.get_air_exchanges/get_apache_systems; VEApacheSystem ventilation_ncm/system_controls_ncm,"VE SYS_TYPE=missing, AIR_FLOW_CTRL=missing, DCV=missing, FAN_CTRL=missing, scheduled auxiliary airflow=no"
16866_Crete_School_Complex_2010_V3,SYST0002,S0000002,,,3-6,4.176,m3/(h.m2),,,,room,,ON,pending,,,IESVE model readback; reviewer confirmation required,VERoomData.get_air_exchanges/get_apache_systems; VEApacheSystem ventilation_ncm/system_controls_ncm,"VE SYS_TYPE=missing, AIR_FLOW_CTRL=missing, DCV=missing, FAN_CTRL=missing, scheduled auxiliary airflow=no"
16866_Crete_School_Complex_2010_V3,SYST0002,S0000000,,,3-6,4.248,m3/(h.m2),,,,room,,ON,pending,,,IESVE model readback; reviewer confirmation required,VERoomData.get_air_exchanges/get_apache_systems; VEApacheSystem ventilation_ncm/system_controls_ncm,"VE SYS_TYPE=missing, AIR_FLOW_CTRL=missing, DCV=missing, FAN_CTRL=missing, scheduled auxiliary airflow=no"
16866_Crete_School_Complex_2010_V3,SYST0002,S_000007,,,>6,18.18,m3/(h.m2),,,,room,,ON,pending,,,IESVE model readback; reviewer confirmation required,VERoomData.get_air_exchanges/get_apache_systems; VEApacheSystem ventilation_ncm/system_controls_ncm,"VE SYS_TYPE=missing, AIR_FLOW_CTRL=missing, DCV=missing, FAN_CTRL=missing, scheduled auxiliary airflow=no"
16866_Crete_School_Complex_2010_V3,SYST0002,S_000006,,,>6,17.46,m3/(h.m2),,,,room,,ON,pending,,,IESVE model readback; reviewer confirmation required,VERoomData.get_air_exchanges/get_apache_systems; VEApacheSystem ventilation_ncm/system_controls_ncm,"VE SYS_TYPE=missing, AIR_FLOW_CTRL=missing, DCV=missing, FAN_CTRL=missing, scheduled auxiliary airflow=no"
16866_Crete_School_Complex_2010_V3,SYST0002,RM000028,,,>6,15.228,m3/(h.m2),,,,room,,ON,pending,,,IESVE model readback; reviewer confirmation required,VERoomData.get_air_exchanges/get_apache_systems; VEApacheSystem ventilation_ncm/system_controls_ncm,"VE SYS_TYPE=missing, AIR_FLOW_CTRL=missing, DCV=missing, FAN_CTRL=missing, scheduled auxiliary airflow=no"
16866_Crete_School_Complex_2010_V3,SYST0002,RM0000A6,,,>6,15.66,m3/(h.m2),,,,room,,ON,pending,,,IESVE model readback; reviewer confirmation required,VERoomData.get_air_exchanges/get_apache_systems; VEApacheSystem ventilation_ncm/system_controls_ncm,"VE SYS_TYPE=missing, AIR_FLOW_CTRL=missing, DCV=missing, FAN_CTRL=missing, scheduled auxiliary airflow=no"
16866_Crete_School_Complex_2010_V3,SYST0002,RM00002E,,,>6,15.552,m3/(h.m2),,,,room,,ON,pending,,,IESVE model readback; reviewer confirmation required,VERoomData.get_air_exchanges/get_apache_systems; VEApacheSystem ventilation_ncm/system_controls_ncm,"VE SYS_TYPE=missing, AIR_FLOW_CTRL=missing, DCV=missing, FAN_CTRL=missing, scheduled auxiliary airflow=no"
16866_Crete_School_Complex_2010_V3,SYST0002,RM000021,,,>6,15.228,m3/(h.m2),,,,room,,ON,pending,,,IESVE model readback; reviewer confirmation required,VERoomData.get_air_exchanges/get_apache_systems; VEApacheSystem ventilation_ncm/system_controls_ncm,"VE SYS_TYPE=missing, AIR_FLOW_CTRL=missing, DCV=missing, FAN_CTRL=missing, scheduled auxiliary airflow=no"
16866_Crete_School_Complex_2010_V3,SYST0002,RM00002F,,,>6,18.036,m3/(h.m2),,,,room,,ON,pending,,,IESVE model readback; reviewer confirmation required,VERoomData.get_air_exchanges/get_apache_systems; VEApacheSystem ventilation_ncm/system_controls_ncm,"VE SYS_TYPE=missing, AIR_FLOW_CTRL=missing, DCV=missing, FAN_CTRL=missing, scheduled auxiliary airflow=no"
16866_Crete_School_Complex_2010_V3,SYST0002,RM000025,,,>6,18.684,m3/(h.m2),,,,room,,ON,pending,,,IESVE model readback; reviewer confirmation required,VERoomData.get_air_exchanges/get_apache_systems; VEApacheSystem ventilation_ncm/system_controls_ncm,"VE SYS_TYPE=missing, AIR_FLOW_CTRL=missing, DCV=missing, FAN_CTRL=missing, scheduled auxiliary airflow=no"
16866_Crete_School_Complex_2010_V3,SYST0002,RM00001D,,,<=3,2.952,m3/(h.m2),,,,room,,ON,pending,,,IESVE model readback; reviewer confirmation required,VERoomData.get_air_exchanges/get_apache_systems; VEApacheSystem ventilation_ncm/system_controls_ncm,"VE SYS_TYPE=missing, AIR_FLOW_CTRL=missing, DCV=missing, FAN_CTRL=missing, scheduled auxiliary airflow=no"
16866_Crete_School_Complex_2010_V3,SYST0002,RM00002D,,,>6,18.54,m3/(h.m2),,,,room,,ON,pending,,,IESVE model readback; reviewer confirmation required,VERoomData.get_air_exchanges/get_apache_systems; VEApacheSystem ventilation_ncm/system_controls_ncm,"VE SYS_TYPE=missing, AIR_FLOW_CTRL=missing, DCV=missing, FAN_CTRL=missing, scheduled auxiliary airflow=no"
16866_Crete_School_Complex_2010_V3,SYST0002,RM00002B,,,>6,17.856,m3/(h.m2),,,,room,,ON,pending,,,IESVE model readback; reviewer confirmation required,VERoomData.get_air_exchanges/get_apache_systems; VEApacheSystem ventilation_ncm/system_controls_ncm,"VE SYS_TYPE=missing, AIR_FLOW_CTRL=missing, DCV=missing, FAN_CTRL=missing, scheduled auxiliary airflow=no"
16866_Crete_School_Complex_2010_V3,SYST0002,RM000022,,,>6,17.856,m3/(h.m2),,,,room,,ON,pending,,,IESVE model readback; reviewer confirmation required,VERoomData.get_air_exchanges/get_apache_systems; VEApacheSystem ventilation_ncm/system_controls_ncm,"VE SYS_TYPE=missing, AIR_FLOW_CTRL=missing, DCV=missing, FAN_CTRL=missing, scheduled auxiliary airflow=no"
16866_Crete_School_Complex_2010_V3,SYST0002,RM00002A,,,>6,17.856,m3/(h.m2),,,,room,,ON,pending,,,IESVE model readback; reviewer confirmation required,VERoomData.get_air_exchanges/get_apache_systems; VEApacheSystem ventilation_ncm/system_controls_ncm,"VE SYS_TYPE=missing, AIR_FLOW_CTRL=missing, DCV=missing, FAN_CTRL=missing, scheduled auxiliary airflow=no"
16866_Crete_School_Complex_2010_V3,SYST0002,RM00001E,,,>6,30.456,m3/(h.m2),,,,room,,ON,pending,,,IESVE model readback; reviewer confirmation required,VERoomData.get_air_exchanges/get_apache_systems; VEApacheSystem ventilation_ncm/system_controls_ncm,"VE SYS_TYPE=missing, AIR_FLOW_CTRL=missing, DCV=missing, FAN_CTRL=missing, scheduled auxiliary airflow=no"
16866_Crete_School_Complex_2010_V3,SYST0002,RM000031,,,>6,10.908,m3/(h.m2),,,,room,,ON,pending,,,IESVE model readback; reviewer confirmation required,VERoomData.get_air_exchanges/get_apache_systems; VEApacheSystem ventilation_ncm/system_controls_ncm,"VE SYS_TYPE=missing, AIR_FLOW_CTRL=missing, DCV=missing, FAN_CTRL=missing, scheduled auxiliary airflow=no"
16866_Crete_School_Complex_2010_V3,SYST0002,RM000030,,,>6,10.908,m3/(h.m2),,,,room,,ON,pending,,,IESVE model readback; reviewer confirmation required,VERoomData.get_air_exchanges/get_apache_systems; VEApacheSystem ventilation_ncm/system_controls_ncm,"VE SYS_TYPE=missing, AIR_FLOW_CTRL=missing, DCV=missing, FAN_CTRL=missing, scheduled auxiliary airflow=no"
